POLICE_STATION_ID,STATION,STATION_NAME,ADDRESS_ID,ADDRESS_LINE1,ADDRESS_LINE2,CITY,STATE,ZIP,PHONE_NUMBER,FAX_NUMBER,DISTRICT_NUMBER,STATION_TYPE,STAFF_HOURS,PUBLIC_ACCESS,lat,long
0,D1,DISTRICT 1,168280,1311 W 46th Ave,None,Denver,CO,80211,720-913-0400,720-913-0560,1,DISTRICT,"24 hours, 7 days / week",YES,39.78067,-105.00297
3,D2,DISTRICT 2,174574,3921 N Holly St,None,Denver,CO,80207,720-913-1000,720-913-1002,2,DISTRICT,"24 hours, 7 days / week",YES,39.77062,-104.92343
9,HQ,POLICE HEADQUARTERS,67036,1331 N Cherokee St,None,Denver,CO,80204,720-913-6010,None,None,ADMIN,6:00 am - 2:00 am Mon - Fri,YES,,
18,MOUNTED PATRL,MOUNTED PATROL,384156,4350 S Pierce St,None,Denver,CO,80235,303-794-3294,None,None,INTERNAL,None,NO,,
15,ACADEMY,POLICE ACADEMY,189353,2155 N Akron Way,None,Denver,CO,80238,303-370-1500,None,None,INTERNAL,None,NO,,
24,CS3-D4,WEST DENVER COP SHOP,95289,4200 Morrison Rd,Suite 4,Denver,CO,80219,720-865-2260,None,4,COP SHOP,None,YES,,
11,D3,DISTRICT 3,173950,1625 S University Blvd,None,Denver,CO,80210,720-913-1300,720-913-1199,3,DISTRICT,"24 hours, 7 days / week",YES,39.68684,-104.96057
21,CS1-D3,LEETSDALE COP SHOP,None,P.O. Box 22642 ,None,Denver,CO,80224,303-329-0500,None,3,MOBILE,"Mon - Fri, 11:00 am - 3:00 pm",YES,,
5,METRO SWAT,METRO SWAT,165857,550 E Iliff Ave,None,Denver,CO,80210,None,None,None,INTERNAL,"8:30 am - 3:00 am Mon, 8:30 am - 5:00 pm Tue-Fri",NO,,
2,GANG UNIT,GANG UNIT,181304,2205 N Colorado Blvd,None,Denver,CO,80207,720-913-1333,None,None,INTERNAL,"9:00 am - 3:00 am Mon - Fri,  5:00 pm - 3:00 am Sat,  2:00 pm - midnight Sun (summer)",NO,,
17,CCC,COMBINED COMMUNICATIONS CENTER,180922,950 N Josephine St,None,Denver,CO,80206,720-913-2000,None,None,INTERNAL,"24 hours, 7 days / week",NO,,
19,TRAFFIC,TRAFFIC INVESTIGATIONS,350183,3381 Park Ave W,None,Denver,CO,80216,720-865-6905,None,None,TRAFFIC,None,YES,,
1,D4,DISTRICT 4,160420,2100 S Clay St,None,Denver,CO,80219,720-913-0200,720-913-0207,4,DISTRICT,"24 hours, 7 days / week",YES,39.67768,-105.01984
16,WEBB BLDG,WEBB MUNICIPAL BLDG,168091,201 W Colfax Ave,Dept 700,Denver,CO,80201,720-913-3378,None,None,ADMIN,None,YES,,
23,CS2-D4,BEAR VALLEY COP SHOP,175532,3100 S Sheridan Blvd,Suite A20,Denver,CO,80227,720-865-2146,None,4,COP SHOP,"Mon - Fri, 9:00 am - 4:00 pm / Sat 10:00 am - 3:00 pm",YES,,
6,D5,DISTRICT 5,11348,4685 N Peoria St,None,Denver,CO,80239,720-913-1400,720-913-1401,5,DISTRICT,"24 hours, 7 days / week",YES,39.718361,-105.027361
27,CS1-D1,FEDERAL BLVD COP SHOP,356601,2635 N Federal Blvd,None,Denver,CO,80211,720-865-2242,None,1,COP SHOP,None,YES,,
14,BICYCLE IMP,BICYCLE IMPOUND,42305,1930 35th St,None,Denver,CO,80216,303-295-4390,None,None,IMPOUND,Tue & Thu 2:00 - 4:00 pm,YES,,
8,D6,DISTRICT 6,366623,1566 N Washington St,None,Denver,CO,80203,720-913-2800,720-913-2806,6,DISTRICT,"24 hours, 7 days / week",YES,39.741087,-104.97863
12,D7,DISTRICT 7,221155,8500 Pena Blvd,None,Denver,CO,80249,303-342-4131,None,7,DISTRICT,None,YES,39.849563,-104.673847
25,CS1-D5,COMMUNITY HUB at NORTHFIELD,None,Mobile COP Shop,None,Denver,CO,80238,720-865-2356,None,5,MOBILE,Varies,YES,,
28,CS2-D1,WEST COLFAX COP SHOP,374665,5094 W Colfax Ave,None,Denver,CO,80204,720-865-2240,None,1,COP SHOP,None,YES,,
29,CS2-D3,BROADWAY COP SHOP,90611,487 S Broadway,Suite 300,Denver,CO,80209,303-722-7884,None,3,COP SHOP,"Mon - Sat, 11:00 am - 3:00 pm",YES,,
